{
  "data_source": "real_csv_data",
  "recommendation": "STRONG RECOMMENDATION: Reduce tire_psi_lr (correlation: 0.322)\n   Expected effect: Significantly faster lap times",
  "analysis": {
    "method": "correlation",
    "all_impacts": {
      "tire_psi_lf": 0.005061053194984484,
      "tire_psi_lr": 0.32167171582251725,
      "tire_psi_rr": 0.5509354054984819,
      "cross_weight": -0.28854912459047416,
      "spring_lf": 0.25073016568366346,
      "spring_rf": 0.254267185631269
    },
    "most_impactful": [
      "tire_psi_rr",
      0.5509354054984819
    ]
  },
  "best_time": 14.859,
  "baseline_time": 15.335,
  "improvement": 0.47600000000000087,
  "num_sessions": 17
}